rank,country_or_bloc,ghg_emissions_share_pct_2024,co2_emissions_gt_2024,per_capita_emissions_tco2e,yoy_change_pct_2024,long_term_trend
1,China,30.5,12.6,10.0,0.5,rising
2,United States,12.5,5.2,17.5,-0.1,roughly flat / slowly declining
3,India,7.5,3.2,2.5,4.3,rising fastest among major emitters
4,European Union (27 countries),6.5,2.6,5.6,-2.8,declining (~-35% vs 1990)
5,Russia,4.8,2.0,14.1,2.4,rising
6,Indonesia,3.0,1.3,4.5,5.0,rising (largest relative increase in 2024)
7,Brazil,2.7,1.1,5.0,0.2,roughly flat
8,Japan,2.4,1.0,8.5,-2.8,declining
9,Saudi Arabia,1.9,0.8,17.7,1.5,rising
10,Canada,1.6,0.7,14.9,0.5,roughly flat
11,Australia,1.1,0.5,14.4,-0.5,slowly declining
-,G20 (combined),83.0,-,-,-,-
-,Rest of world (non-G20),17.0,-,-,-,-
-,World total,100.0,41.6,5.4,1.3,rising

# Notes:
# - ghg_emissions_share_pct_2024: approximate share of global greenhouse gas emissions
#   (all gases, CO2-equivalent, excluding land use/LULUCF), based on EDGAR 2025 / Carbon
#   Brief / Global Carbon Project reporting for 2024.
# - co2_emissions_gt_2024: approximate fossil CO2 emissions in gigatonnes for that
#   country/bloc; figures are rounded estimates for illustrative use.
# - per_capita_emissions_tco2e: approximate per-person emissions in tonnes of CO2-equivalent,
#   based on UNEP Emissions Gap Report-style figures; Saudi Arabia, Canada, Australia, and
#   Russia are typically the highest per-capita emitters among large economies, ahead of
#   the United States and well ahead of China and the EU average.
# - yoy_change_pct_2024: approximate year-on-year change in emissions vs. 2023.
# - World total for 2024 GHG emissions (all gases) was approximately 53.2 GtCO2e per EDGAR;
#   the co2_emissions_gt figures in this table refer to fossil CO2 only (a subset), so
#   country CO2 rows will not sum exactly to the all-gas world total.
# - Data compiled from publicly reported 2024/2025 analyses (EDGAR, Global Carbon Project,
#   Carbon Brief, UNEP Emissions Gap Report, Statista). Figures are rounded approximations
#   intended for demonstration/testing, not primary research use.
